ef809edd-4d35-4f8e-8224-89a7ae81a71b, 586, 7
ef809edd-4d35-4f8e-8224-89a7ae81a71b, 703764, 5
ef809edd-4d35-4f8e-8224-89a7ae81a71b, 489172, 8
ef809edd-4d35-4f8e-8224-89a7ae81a71b, 6535, 5
ef809edd-4d35-4f8e-8224-89a7ae81a71b, 322470, 4
ef809edd-4d35-4f8e-8224-89a7ae81a71b, 426618, 8
ef809edd-4d35-4f8e-8224-89a7ae81a71b, 13785, 4
ef809edd-4d35-4f8e-8224-89a7ae81a71b, 8587, 10
ef809edd-4d35-4f8e-8224-89a7ae81a71b, 8587, 1
ef809edd-4d35-4f8e-8224-89a7ae81a71b, 8587, 2
ef809edd-4d35-4f8e-8224-89a7ae81a71b, 8587, 1
ef809edd-4d35-4f8e-8224-89a7ae81a71b, 8587, 10
